[
    {
        "rxkid": "RXK351422",
        "title": "Mr.",
        "fname": "Molly",
        "lname": "Romero",
        "address": "8571 Kim Fort Apt. 067\nRichardsonhaven, MI 48201",
        "postcode": "83034",
        "phone_number": "+1-564-767-9278x59597",
        "home_number": "001-357-506-3623x100",
        "problem": "Safe leg second like significant.",
        "assigned_to": null,
        "status": "Discharged"
    },
    {
        "rxkid": "RXK307677",
        "title": "Mrs.",
        "fname": "Paul",
        "lname": "Gonzalez",
        "address": "3283 Marie Garden\nSouth Jane, AL 85573",
        "postcode": "37352",
        "phone_number": "2622062120",
        "home_number": "761-342-1957x4191",
        "problem": "Finish must condition mother help.",
        "assigned_to": null,
        "status": "Waiting"
    },
    {
        "rxkid": "RXK612566",
        "title": "Mr.",
        "fname": "Donald",
        "lname": "Taylor",
        "address": "232 Walter Mountain Apt. 522\nNew Sheila, ID 86709",
        "postcode": "44842",
        "phone_number": "639-210-1093",
        "home_number": "(495)700-7137x12680",
        "problem": "Nice team might project reduce each fly.",
        "assigned_to": "Emma Wilson",
        "status": "Procedure"
    },
    {
        "rxkid": "RXK362587",
        "title": "Mrs.",
        "fname": "Nicole",
        "lname": "Gray",
        "address": "43166 Woods Parks\nValdezmouth, NC 15710",
        "postcode": "45621",
        "phone_number": "492-865-3411x08961",
        "home_number": "001-951-902-5778",
        "problem": "Debate field you six ahead protect music return.",
        "assigned_to": null,
        "status": "Waiting"
    },
    {
        "rxkid": "RXK897105",
        "title": "Mr.",
        "fname": "Geoffrey",
        "lname": "Campbell",
        "address": "50277 Gray Pike Apt. 325\nNew Derek, OK 44326",
        "postcode": "92543",
        "phone_number": "282-670-2984x072",
        "home_number": "560.889.6547x32259",
        "problem": "Home have lose movement.",
        "assigned_to": null,
        "status": "Discharged"
    },
    {
        "rxkid": "RXK889827",
        "title": "Mrs.",
        "fname": "Emily",
        "lname": "Johnson",
        "address": "1900 Thomas Burg\nJacobburgh, PA 94098",
        "postcode": "04978",
        "phone_number": "306.624.3316",
        "home_number": "+1-856-900-7336x905",
        "problem": "Such arrive poor radio role skin wind.",
        "assigned_to": null,
        "status": "Discharged"
    },
    {
        "rxkid": "RXK161059",
        "title": "Mrs.",
        "fname": "Tommy",
        "lname": "Wilson",
        "address": "92476 Jennifer Circle Apt. 011\nAlexanderview, VT 29417",
        "postcode": "96674",
        "phone_number": "001-370-428-4664x31764",
        "home_number": "943.474.3323",
        "problem": "More professor surface.",
        "assigned_to": null,
        "status": "Discharged"
    },
    {
        "rxkid": "RXK270486",
        "title": "Mrs.",
        "fname": "Kimberly",
        "lname": "Armstrong",
        "address": "258 Donna Turnpike\nEast Susanstad, AK 08844",
        "postcode": "80334",
        "phone_number": "001-523-632-4370x30744",
        "home_number": "596.394.7911",
        "problem": "Main change small model six fill federal.",
        "assigned_to": "Mathew John",
        "status": "Procedure"
    },
    {
        "rxkid": "RXK751875",
        "title": "Mrs.",
        "fname": "Jacqueline",
        "lname": "Caldwell",
        "address": "655 Steven Mount Suite 450\nCassieborough, GU 44055",
        "postcode": "22160",
        "phone_number": "301.717.5663x556",
        "home_number": "411-796-3342",
        "problem": "By difficult again.",
        "assigned_to": null,
        "status": "Waiting"
    },
    {
        "rxkid": "RXK855470",
        "title": "Mr.",
        "fname": "Kimberly",
        "lname": "Nichols",
        "address": "0862 Brandon Hills\nPadillamouth, IL 19210",
        "postcode": "86026",
        "phone_number": "674-542-0768",
        "home_number": "219.645.4462",
        "problem": "Daughter action modern specific generation.",
        "assigned_to": "Emma Wilson",
        "status": "Procedure"
    },
    {
        "rxkid": "RXK369594",
        "title": "Mrs.",
        "fname": "Felicia",
        "lname": "Baxter",
        "address": "674 Frank Village\nPort Tamara, NJ 01272",
        "postcode": "89528",
        "phone_number": "5204011482",
        "home_number": "(982)243-0007x9890",
        "problem": "Way few analysis responsibility.",
        "assigned_to": "Sarah Johnson",
        "status": "Procedure"
    },
    {
        "rxkid": "RXK980732",
        "title": "Mrs.",
        "fname": "Jason",
        "lname": "Thomas",
        "address": "6571 Jessica Route\nWest Patrickberg, PR 32587",
        "postcode": "66057",
        "phone_number": "2183115671",
        "home_number": "6757433750",
        "problem": "Mr address plant through about me.",
        "assigned_to": null,
        "status": "Discharged"
    },
    {
        "rxkid": "RXK203522",
        "title": "Mrs.",
        "fname": "Ryan",
        "lname": "Fischer",
        "address": "90397 Beth Hill\nColeville, VI 13163",
        "postcode": "37336",
        "phone_number": "803.865.5931",
        "home_number": "001-497-218-6670x8478",
        "problem": "Yeah floor admit capital find represent culture become.",
        "assigned_to": null,
        "status": "Discharged"
    },
    {
        "rxkid": "RXK722151",
        "title": "Mrs.",
        "fname": "Tom",
        "lname": "Vega",
        "address": "1036 Katherine Ranch\nDarlenefort, MI 93550",
        "postcode": "08523",
        "phone_number": "+1-883-331-3398x434",
        "home_number": "789.717.1874x10336",
        "problem": "Offer car nor last tell exist.",
        "assigned_to": null,
        "status": "Waiting"
    },
    {
        "rxkid": "RXK601248",
        "title": "Mrs.",
        "fname": "Victoria",
        "lname": "Williams",
        "address": "06107 Jennifer Estate Apt. 350\nSouth Michaelland, DC 20043",
        "postcode": "25007",
        "phone_number": "(378)673-1101x769",
        "home_number": "775.592.1167",
        "problem": "Student especially sign finally present system left continue.",
        "assigned_to": null,
        "status": "Waiting"
    },
    {
        "rxkid": "RXK207117",
        "title": "Mr.",
        "fname": "Christina",
        "lname": "Scott",
        "address": "07453 Stone Flat Apt. 634\nLake Alyssaville, NY 62615",
        "postcode": "02073",
        "phone_number": "+1-239-575-3516",
        "home_number": "001-451-312-4236x29245",
        "problem": "Both technology memory scene radio interest onto after.",
        "assigned_to": null,
        "status": "Waiting"
    },
    {
        "rxkid": "RXK385549",
        "title": "Mrs.",
        "fname": "Tracy",
        "lname": "Stout",
        "address": "42267 Phillips Viaduct\nLake Robert, AS 87738",
        "postcode": "65311",
        "phone_number": "+1-822-456-3699x284",
        "home_number": "(941)647-3437x9590",
        "problem": "Else gas every brother deep.",
        "assigned_to": null,
        "status": "Discharged"
    },
    {
        "rxkid": "RXK892814",
        "title": "Mrs.",
        "fname": "Stephanie",
        "lname": "Mueller",
        "address": "PSC 6856, Box 9426\nAPO AP 88029",
        "postcode": "32219",
        "phone_number": "8663138152",
        "home_number": "+1-805-430-5881",
        "problem": "Real yourself summer.",
        "assigned_to": null,
        "status": "Discharged"
    },
    {
        "rxkid": "RXK895244",
        "title": "Mrs.",
        "fname": "Justin",
        "lname": "Patrick",
        "address": "233 Phillips Drive\nJeremyburgh, UT 59478",
        "postcode": "87757",
        "phone_number": "(966)414-6942",
        "home_number": "876.553.9780",
        "problem": "Explain never surface.",
        "assigned_to": null,
        "status": "Waiting"
    },
    {
        "rxkid": "RXK185245",
        "title": "Mr.",
        "fname": "Barbara",
        "lname": "Berry",
        "address": "6303 Betty Summit Apt. 784\nNew Stephaniefort, VA 69712",
        "postcode": "69059",
        "phone_number": "+1-853-901-2261x35409",
        "home_number": "(808)460-3615x855",
        "problem": "Per notice gun knowledge response.",
        "assigned_to": null,
        "status": "Discharged"
    },
    {
        "rxkid": "RXK394569",
        "title": "Mr.",
        "fname": "Timothy",
        "lname": "Sharp",
        "address": "555 Brady Tunnel\nMonicaton, IN 84058",
        "postcode": "42496",
        "phone_number": "642-968-9666x891",
        "home_number": "001-947-242-2334x4236",
        "problem": "Our image whether weight white century focus.",
        "assigned_to": null,
        "status": "Waiting"
    },
    {
        "rxkid": "RXK993020",
        "title": "Mr.",
        "fname": "Edward",
        "lname": "Wong",
        "address": "8606 Fernandez Turnpike\nAndrewburgh, ME 81381",
        "postcode": "19185",
        "phone_number": "902.514.5879x94549",
        "home_number": "+1-925-779-1462x58776",
        "problem": "But owner knowledge just.",
        "assigned_to": null,
        "status": "Waiting"
    },
    {
        "rxkid": "RXK563502",
        "title": "Mr.",
        "fname": "April",
        "lname": "Powers",
        "address": "74845 Walsh Isle\nNorth Stacy, KS 80125",
        "postcode": "10267",
        "phone_number": "+1-274-895-6677x9359",
        "home_number": "001-989-406-2787x4766",
        "problem": "Artist or former likely test.",
        "assigned_to": "Mathew John",
        "status": "Procedure"
    },
    {
        "rxkid": "RXK395710",
        "title": "Mr.",
        "fname": "Casey",
        "lname": "Bell",
        "address": "6179 Mary Manors Apt. 357\nJenniferstad, MI 20757",
        "postcode": "98442",
        "phone_number": "486-903-3920x3355",
        "home_number": "(699)375-2602",
        "problem": "Site tax whom course.",
        "assigned_to": "Michael Chen",
        "status": "Procedure"
    },
    {
        "rxkid": "RXK482886",
        "title": "Mr.",
        "fname": "Aaron",
        "lname": "Roy",
        "address": "1672 Campbell Viaduct\nAshleybury, MH 14548",
        "postcode": "45753",
        "phone_number": "621.752.6342x27304",
        "home_number": "(729)653-6675x9518",
        "problem": "Film clear should quality strategy how hand.",
        "assigned_to": null,
        "status": "Waiting"
    },
    {
        "rxkid": "RXK738785",
        "title": "Mr.",
        "fname": "Amy",
        "lname": "Perez",
        "address": "339 Jeffrey Coves\nJenniferport, WA 89787",
        "postcode": "82407",
        "phone_number": "(995)387-7384x0459",
        "home_number": "665-490-7325x70516",
        "problem": "Create fish Democrat far material.",
        "assigned_to": null,
        "status": "Discharged"
    },
    {
        "rxkid": "RXK369766",
        "title": "Mr.",
        "fname": "Shelley",
        "lname": "Henderson",
        "address": "PSC 0812, Box 0315\nAPO AE 51666",
        "postcode": "63447",
        "phone_number": "741.817.4127x26129",
        "home_number": "(762)906-6464x5336",
        "problem": "Dream visit similar large control collection send during.",
        "assigned_to": null,
        "status": "Discharged"
    },
    {
        "rxkid": "RXK825429",
        "title": "Mr.",
        "fname": "Natasha",
        "lname": "Rose",
        "address": "009 Stephanie Shores\nMarkville, RI 31977",
        "postcode": "89999",
        "phone_number": "001-364-216-7506",
        "home_number": "(414)610-5737",
        "problem": "Piece matter nice woman range can everybody.",
        "assigned_to": null,
        "status": "Waiting"
    },
    {
        "rxkid": "RXK428824",
        "title": "Mr.",
        "fname": "Nicole",
        "lname": "Chang",
        "address": "2525 Olson Dam Suite 487\nLake Hunterfort, AZ 98723",
        "postcode": "30726",
        "phone_number": "(382)643-0362x5354",
        "home_number": "923.661.4313",
        "problem": "Stay character boy police white.",
        "assigned_to": "James Rodriguez",
        "status": "Procedure"
    },
    {
        "rxkid": "RXK800084",
        "title": "Mrs.",
        "fname": "William",
        "lname": "Whitaker",
        "address": "8900 Mack Glens\nEast Alexis, KS 24407",
        "postcode": "87793",
        "phone_number": "+1-653-413-6260x47411",
        "home_number": "821-606-7516",
        "problem": "Crime whose power.",
        "assigned_to": null,
        "status": "Discharged"
    },
    {
        "rxkid": "RXK820654",
        "title": "Mrs.",
        "fname": "Ariana",
        "lname": "Russell",
        "address": "68933 Lisa Key Apt. 804\nValerieview, MI 22957",
        "postcode": "78928",
        "phone_number": "2875982652",
        "home_number": "(869)736-9418x6246",
        "problem": "Daughter than expert lot.",
        "assigned_to": "Michael Chen",
        "status": "Procedure"
    },
    {
        "rxkid": "RXK242027",
        "title": "Mrs.",
        "fname": "Richard",
        "lname": "Smith",
        "address": "15771 Drake Unions\nSouth Ashleyport, RI 96157",
        "postcode": "23246",
        "phone_number": "(881)772-8313x355",
        "home_number": "828-416-7991x54133",
        "problem": "Service father positive foot.",
        "assigned_to": null,
        "status": "Waiting"
    },
    {
        "rxkid": "RXK385705",
        "title": "Mr.",
        "fname": "Laura",
        "lname": "Rogers",
        "address": "75014 Alan Greens Apt. 322\nPierceville, OH 15032",
        "postcode": "32928",
        "phone_number": "001-511-579-8247x583",
        "home_number": "001-371-715-7998",
        "problem": "Begin type blue bad number meeting important.",
        "assigned_to": null,
        "status": "Waiting"
    },
    {
        "rxkid": "RXK508395",
        "title": "Mrs.",
        "fname": "Tina",
        "lname": "Carter",
        "address": "784 Kyle Drive Suite 080\nHarrisontown, VA 44560",
        "postcode": "75749",
        "phone_number": "+1-387-327-0005x552",
        "home_number": "(316)694-0093x30271",
        "problem": "Wide either art very may drug even.",
        "assigned_to": null,
        "status": "Waiting"
    },
    {
        "rxkid": "RXK317102",
        "title": "Mr.",
        "fname": "Meagan",
        "lname": "Richards",
        "address": "8118 Gonzalez River Suite 710\nLake Cynthia, TX 01381",
        "postcode": "59124",
        "phone_number": "356.728.1011x293",
        "home_number": "876.422.6409x21366",
        "problem": "Product during sister according no each.",
        "assigned_to": null,
        "status": "Discharged"
    },
    {
        "rxkid": "RXK752940",
        "title": "Mrs.",
        "fname": "Courtney",
        "lname": "Bishop",
        "address": "201 Vanessa Freeway\nPort Hollymouth, CO 08864",
        "postcode": "40110",
        "phone_number": "682.313.6614x1864",
        "home_number": "300.847.2509x81475",
        "problem": "Explain performance phone company establish arm PM.",
        "assigned_to": "Olivia Smith",
        "status": "Procedure"
    },
    {
        "rxkid": "RXK779608",
        "title": "Mr.",
        "fname": "Gary",
        "lname": "Williams",
        "address": "PSC 7009, Box 7184\nAPO AE 54753",
        "postcode": "38970",
        "phone_number": "5058372515",
        "home_number": "832.973.2315",
        "problem": "Different cultural financial decide know trip.",
        "assigned_to": "Mathew John",
        "status": "Procedure"
    },
    {
        "rxkid": "RXK640770",
        "title": "Mr.",
        "fname": "Robert",
        "lname": "Clark",
        "address": "49836 Alyssa Dam\nBellborough, RI 24914",
        "postcode": "11428",
        "phone_number": "7163359189",
        "home_number": "695-224-1024x5888",
        "problem": "Add suddenly letter.",
        "assigned_to": null,
        "status": "Discharged"
    },
    {
        "rxkid": "RXK736691",
        "title": "Mr.",
        "fname": "Brittney",
        "lname": "Walker",
        "address": "25222 Michael Trail\nEast Ryan, ID 48376",
        "postcode": "75626",
        "phone_number": "(742)329-3343x06072",
        "home_number": "320.903.1846",
        "problem": "City research campaign reason case answer model team.",
        "assigned_to": null,
        "status": "Waiting"
    },
    {
        "rxkid": "RXK965198",
        "title": "Mrs.",
        "fname": "Julia",
        "lname": "Scott",
        "address": "62206 Higgins Unions Suite 712\nHaleychester, VT 01096",
        "postcode": "44212",
        "phone_number": "001-472-789-8253",
        "home_number": "2063206130",
        "problem": "Debate sign form stand unit.",
        "assigned_to": null,
        "status": "Discharged"
    },
    {
        "rxkid": "RXK839890",
        "title": "Mrs.",
        "fname": "Michael",
        "lname": "Medina",
        "address": "374 Gregory Villages\nNorth Mariafurt, MA 77504",
        "postcode": "64920",
        "phone_number": "(247)891-2661x0759",
        "home_number": "(306)872-3076",
        "problem": "Take discover red street perform begin common require.",
        "assigned_to": null,
        "status": "Waiting"
    },
    {
        "rxkid": "RXK302272",
        "title": "Mrs.",
        "fname": "Timothy",
        "lname": "Jensen",
        "address": "00043 Cowan Drives Apt. 606\nPort Victoria, NM 04513",
        "postcode": "97943",
        "phone_number": "812-203-3195x99561",
        "home_number": "(209)445-7773x40743",
        "problem": "Focus threat beat key.",
        "assigned_to": null,
        "status": "Discharged"
    },
    {
        "rxkid": "RXK844357",
        "title": "Mr.",
        "fname": "Nathaniel",
        "lname": "Vega",
        "address": "790 Christina Square Suite 091\nMichaelland, PW 43699",
        "postcode": "82636",
        "phone_number": "420-928-5478x229",
        "home_number": "845-262-6603x44301",
        "problem": "Call when boy let ground health.",
        "assigned_to": "Mathew John",
        "status": "Procedure"
    },
    {
        "rxkid": "RXK111770",
        "title": "Mrs.",
        "fname": "Abigail",
        "lname": "Harvey",
        "address": "3514 Wong Locks\nWheelerfurt, NJ 08457",
        "postcode": "19830",
        "phone_number": "722-740-4724",
        "home_number": "321-957-1627x5817",
        "problem": "Hotel someone reveal answer little air name.",
        "assigned_to": null,
        "status": "Waiting"
    },
    {
        "rxkid": "RXK622390",
        "title": "Mr.",
        "fname": "Bonnie",
        "lname": "Mcintyre",
        "address": "744 David Way Suite 397\nPaulfurt, WA 15953",
        "postcode": "89353",
        "phone_number": "+1-310-691-4664",
        "home_number": "(827)929-4952x98687",
        "problem": "Road line kid dark course might bill.",
        "assigned_to": null,
        "status": "Discharged"
    },
    {
        "rxkid": "RXK624474",
        "title": "Mr.",
        "fname": "Yesenia",
        "lname": "Gonzalez",
        "address": "9092 Steele Gateway Suite 260\nBrittanytown, WV 52408",
        "postcode": "76528",
        "phone_number": "+1-583-363-9848",
        "home_number": "483.541.6972x01134",
        "problem": "Soldier night yes executive item wrong eight.",
        "assigned_to": "Sarah Johnson",
        "status": "Procedure"
    },
    {
        "rxkid": "RXK746939",
        "title": "Mrs.",
        "fname": "Tabitha",
        "lname": "Rodriguez",
        "address": "086 Shaw Light Suite 121\nBeckershire, WY 37444",
        "postcode": "63924",
        "phone_number": "(251)577-0691x87315",
        "home_number": "(356)832-4235x7068",
        "problem": "Night form boy determine.",
        "assigned_to": "Olivia Smith",
        "status": "Procedure"
    },
    {
        "rxkid": "RXK442084",
        "title": "Mrs.",
        "fname": "Juan",
        "lname": "Allen",
        "address": "106 Bennett Shoal Suite 592\nFrankchester, AS 46885",
        "postcode": "53333",
        "phone_number": "001-299-590-8240x10352",
        "home_number": "995-742-9959",
        "problem": "Late force learn this effect husband present.",
        "assigned_to": null,
        "status": "Waiting"
    },
    {
        "rxkid": "RXK488939",
        "title": "Mrs.",
        "fname": "Carolyn",
        "lname": "Harper",
        "address": "8533 Jonathan Mount Suite 460\nDianastad, CO 96698",
        "postcode": "47177",
        "phone_number": "001-824-962-2251x8956",
        "home_number": "404.850.5605x006",
        "problem": "Small woman artist.",
        "assigned_to": null,
        "status": "Waiting"
    },
    {
        "rxkid": "RXK252156",
        "title": "Mrs.",
        "fname": "Kayla",
        "lname": "Zimmerman",
        "address": "57562 Monique Gateway Apt. 241\nNew Leeport, KY 83879",
        "postcode": "72773",
        "phone_number": "+1-573-593-5643x23802",
        "home_number": "001-511-209-7528x289",
        "problem": "Focus sport drive TV because.",
        "assigned_to": "Emma Wilson",
        "status": "Procedure"
    },
    {
        "rxkid": "RXK417364",
        "title": "Mrs.",
        "fname": "Samantha",
        "lname": "Garcia",
        "address": "328 Daniel Meadow\nBryantstad, VA 94692",
        "postcode": "77097",
        "phone_number": "615-369-5846x3228",
        "home_number": "(757)954-3443x83905",
        "problem": "Cover environment capital free.",
        "assigned_to": null,
        "status": "Waiting"
    },
    {
        "rxkid": "RXK368975",
        "title": "Mrs.",
        "fname": "Keith",
        "lname": "Wiggins",
        "address": "14655 Joseph Bridge\nDanielside, SD 22417",
        "postcode": "28678",
        "phone_number": "(296)408-9119",
        "home_number": "809-899-3434x382",
        "problem": "Authority especially movement whatever field moment candidate.",
        "assigned_to": null,
        "status": "Waiting"
    },
    {
        "rxkid": "RXK849758",
        "title": "Mr.",
        "fname": "Sharon",
        "lname": "Garcia",
        "address": "423 Erica Ways Apt. 482\nNew Tamifort, CA 87474",
        "postcode": "64011",
        "phone_number": "795-277-7851x045",
        "home_number": "(600)300-1459",
        "problem": "Fill Mr account role.",
        "assigned_to": null,
        "status": "Waiting"
    },
    {
        "rxkid": "RXK823643",
        "title": "Mr.",
        "fname": "Thomas",
        "lname": "Mcconnell",
        "address": "11710 Melissa Loaf Suite 176\nCoreyport, ME 61036",
        "postcode": "77342",
        "phone_number": "813.486.3533x0993",
        "home_number": "258-852-0283",
        "problem": "Week evening economy travel commercial store building yet.",
        "assigned_to": null,
        "status": "Discharged"
    },
    {
        "rxkid": "RXK496723",
        "title": "Mr.",
        "fname": "Nathan",
        "lname": "Schmitt",
        "address": "18933 Daniel Brook Apt. 303\nNorth Elizabethborough, NH 37808",
        "postcode": "09775",
        "phone_number": "949.520.9153",
        "home_number": "(635)419-3140x8446",
        "problem": "Each local lot son sell human.",
        "assigned_to": null,
        "status": "Waiting"
    },
    {
        "rxkid": "RXK142007",
        "title": "Mrs.",
        "fname": "Jeffrey",
        "lname": "Villanueva",
        "address": "3659 Black Point Apt. 312\nLake Raymondstad, GA 22941",
        "postcode": "64574",
        "phone_number": "731.934.0461x634",
        "home_number": "585.994.4996x37310",
        "problem": "Seat human measure.",
        "assigned_to": null,
        "status": "Discharged"
    },
    {
        "rxkid": "RXK558633",
        "title": "Mr.",
        "fname": "Eric",
        "lname": "Smith",
        "address": "76931 Cynthia Spur Suite 322\nJaimeside, HI 16510",
        "postcode": "34835",
        "phone_number": "571-881-7502",
        "home_number": "224-933-1623",
        "problem": "Line sometimes receive book soldier become class certain.",
        "assigned_to": "Mathew John",
        "status": "Procedure"
    },
    {
        "rxkid": "RXK767960",
        "title": "Mrs.",
        "fname": "Allen",
        "lname": "King",
        "address": "0097 Charles Estates\nWest Judyfurt, LA 83060",
        "postcode": "02165",
        "phone_number": "(437)884-3627x3471",
        "home_number": "5127268958",
        "problem": "Arm fight picture box store special his.",
        "assigned_to": null,
        "status": "Discharged"
    },
    {
        "rxkid": "RXK997292",
        "title": "Mrs.",
        "fname": "Mark",
        "lname": "Smith",
        "address": "6187 Philip Camp\nLisastad, MI 32693",
        "postcode": "46546",
        "phone_number": "(821)640-4869x625",
        "home_number": "348-755-3145",
        "problem": "Meet actually discussion begin.",
        "assigned_to": null,
        "status": "Waiting"
    },
    {
        "rxkid": "RXK347156",
        "title": "Mrs.",
        "fname": "Shannon",
        "lname": "Sosa",
        "address": "2991 Brown Landing Apt. 209\nBrewermouth, MH 45510",
        "postcode": "30445",
        "phone_number": "+1-242-261-3592",
        "home_number": "(255)723-4295x78530",
        "problem": "Across each part still shoulder state data.",
        "assigned_to": "Sarah Johnson",
        "status": "Procedure"
    },
    {
        "rxkid": "RXK606966",
        "title": "Mrs.",
        "fname": "Maria",
        "lname": "Smith",
        "address": "613 Randy Radial Apt. 370\nMaymouth, KS 39348",
        "postcode": "50075",
        "phone_number": "6293363744",
        "home_number": "001-368-555-6405x3190",
        "problem": "Meeting follow challenge clearly growth some population.",
        "assigned_to": "James Rodriguez",
        "status": "Procedure"
    },
    {
        "rxkid": "RXK616444",
        "title": "Mrs.",
        "fname": "Meredith",
        "lname": "Shaffer",
        "address": "0392 Brown Shoal Suite 470\nWest Jamesville, MO 05809",
        "postcode": "38967",
        "phone_number": "472.513.1592x66101",
        "home_number": "(634)648-6454",
        "problem": "Back hair space will learn.",
        "assigned_to": null,
        "status": "Waiting"
    },
    {
        "rxkid": "RXK410653",
        "title": "Mr.",
        "fname": "Kevin",
        "lname": "Burns",
        "address": "47977 Barton Square Suite 125\nDavishaven, SD 96759",
        "postcode": "06637",
        "phone_number": "622.961.1244x9337",
        "home_number": "6315879273",
        "problem": "Ball rich between recent.",
        "assigned_to": "Olivia Smith",
        "status": "Procedure"
    },
    {
        "rxkid": "RXK195141",
        "title": "Mrs.",
        "fname": "Stephen",
        "lname": "Moran",
        "address": "678 Kevin Island Apt. 627\nFloresborough, ND 59335",
        "postcode": "56106",
        "phone_number": "+1-906-709-3894x354",
        "home_number": "(212)731-1957",
        "problem": "Side full political woman.",
        "assigned_to": "Emma Wilson",
        "status": "Procedure"
    },
    {
        "rxkid": "RXK731459",
        "title": "Mrs.",
        "fname": "Bryan",
        "lname": "Russo",
        "address": "683 Andre Radial\nFosterville, PR 41483",
        "postcode": "39190",
        "phone_number": "855-340-4197x3343",
        "home_number": "519.344.3139x431",
        "problem": "Team wife still.",
        "assigned_to": null,
        "status": "Discharged"
    },
    {
        "rxkid": "RXK858790",
        "title": "Mr.",
        "fname": "Jessica",
        "lname": "Aguirre",
        "address": "97193 Patton Shoals\nCherylside, WI 63924",
        "postcode": "94263",
        "phone_number": "655.638.7085x963",
        "home_number": "887-445-5958",
        "problem": "Why old program both range.",
        "assigned_to": null,
        "status": "Waiting"
    },
    {
        "rxkid": "RXK999443",
        "title": "Mrs.",
        "fname": "Yvonne",
        "lname": "Bond",
        "address": "USNS Hurley\nFPO AP 19773",
        "postcode": "90397",
        "phone_number": "001-224-427-6868x9317",
        "home_number": "237-947-8841x144",
        "problem": "Travel some likely them ability prepare point.",
        "assigned_to": null,
        "status": "Discharged"
    },
    {
        "rxkid": "RXK144164",
        "title": "Mrs.",
        "fname": "Danielle",
        "lname": "Stone",
        "address": "16722 Robert Fields\nKellymouth, RI 06816",
        "postcode": "59437",
        "phone_number": "4929754286",
        "home_number": "+1-904-685-9486x3700",
        "problem": "Age tax help.",
        "assigned_to": null,
        "status": "Waiting"
    },
    {
        "rxkid": "RXK627113",
        "title": "Mrs.",
        "fname": "Alison",
        "lname": "Smith",
        "address": "0661 Annette Forks\nOrtegahaven, KS 41830",
        "postcode": "37177",
        "phone_number": "+1-442-567-3147x8504",
        "home_number": "575.829.6423x32555",
        "problem": "Suggest able plant agreement hour.",
        "assigned_to": "Olivia Smith",
        "status": "Procedure"
    },
    {
        "rxkid": "RXK584211",
        "title": "Mrs.",
        "fname": "Timothy",
        "lname": "Martinez",
        "address": "4289 Jackson Ways\nTiffanyville, MH 91799",
        "postcode": "52896",
        "phone_number": "928-769-9210",
        "home_number": "230.284.8361",
        "problem": "Have no space grow bring work contain.",
        "assigned_to": null,
        "status": "Discharged"
    },
    {
        "rxkid": "RXK811315",
        "title": "Mr.",
        "fname": "Billy",
        "lname": "Smith",
        "address": "28135 Laura Plaza\nCathychester, IA 13399",
        "postcode": "60829",
        "phone_number": "5368773098",
        "home_number": "001-698-650-2553x056",
        "problem": "Myself unit service gas help above activity.",
        "assigned_to": null,
        "status": "Discharged"
    },
    {
        "rxkid": "RXK683977",
        "title": "Mrs.",
        "fname": "Jennifer",
        "lname": "Rodriguez",
        "address": "443 Simpson Plaza\nTurnerland, IA 39190",
        "postcode": "94558",
        "phone_number": "2724100519",
        "home_number": "(288)587-3772x4206",
        "problem": "Chance throughout remember claim phone.",
        "assigned_to": null,
        "status": "Waiting"
    },
    {
        "rxkid": "RXK697496",
        "title": "Mrs.",
        "fname": "Michael",
        "lname": "Foster",
        "address": "1707 Johnson Parkways Apt. 623\nEllisonstad, MO 82875",
        "postcode": "79252",
        "phone_number": "(790)742-1665x58327",
        "home_number": "972-318-8625x61385",
        "problem": "Star air edge crime in across beat part.",
        "assigned_to": "Michael Chen",
        "status": "Procedure"
    },
    {
        "rxkid": "RXK655292",
        "title": "Mr.",
        "fname": "David",
        "lname": "Flores",
        "address": "317 Andrea Ramp Suite 363\nNicolemouth, PW 42574",
        "postcode": "67448",
        "phone_number": "441-409-7739",
        "home_number": "8866711358",
        "problem": "Amount officer on American.",
        "assigned_to": null,
        "status": "Discharged"
    },
    {
        "rxkid": "RXK414925",
        "title": "Mrs.",
        "fname": "Adrienne",
        "lname": "Fry",
        "address": "USNS Le\nFPO AP 12408",
        "postcode": "10912",
        "phone_number": "592-520-3409x2815",
        "home_number": "332.241.1715x874",
        "problem": "Establish everything under debate set physical.",
        "assigned_to": null,
        "status": "Waiting"
    },
    {
        "rxkid": "RXK918933",
        "title": "Mr.",
        "fname": "Ronald",
        "lname": "Lewis",
        "address": "890 Lisa Well Suite 322\nPort Matthewstad, NH 88744",
        "postcode": "35672",
        "phone_number": "(585)631-5997",
        "home_number": "816-349-8350x735",
        "problem": "Natural until hand property field.",
        "assigned_to": null,
        "status": "Discharged"
    },
    {
        "rxkid": "RXK852093",
        "title": "Mr.",
        "fname": "Rachel",
        "lname": "Foley",
        "address": "45345 Paul Stravenue\nWallaceshire, PR 13184",
        "postcode": "35930",
        "phone_number": "592-757-5466x43913",
        "home_number": "256-310-3473",
        "problem": "Call plant but happy.",
        "assigned_to": null,
        "status": "Discharged"
    },
    {
        "rxkid": "RXK287787",
        "title": "Mrs.",
        "fname": "Nichole",
        "lname": "Carson",
        "address": "727 Jason Trail Apt. 827\nParkermouth, PR 22215",
        "postcode": "91324",
        "phone_number": "514-859-0247",
        "home_number": "725.703.5860x4358",
        "problem": "Black might magazine discuss resource but wife campaign.",
        "assigned_to": null,
        "status": "Discharged"
    },
    {
        "rxkid": "RXK830626",
        "title": "Mr.",
        "fname": "Elizabeth",
        "lname": "Ramirez",
        "address": "146 Gonzalez Crossing Suite 395\nLake Annabury, KS 91635",
        "postcode": "86433",
        "phone_number": "+1-984-777-7704x884",
        "home_number": "589.725.0299",
        "problem": "Firm need move community argue contain.",
        "assigned_to": null,
        "status": "Discharged"
    },
    {
        "rxkid": "RXK806765",
        "title": "Mr.",
        "fname": "Bradley",
        "lname": "Ruiz",
        "address": "7351 Berg Springs Suite 144\nPowellfurt, PW 58982",
        "postcode": "08265",
        "phone_number": "798.819.2877",
        "home_number": "(613)868-4989",
        "problem": "Save in positive part half big really.",
        "assigned_to": null,
        "status": "Waiting"
    },
    {
        "rxkid": "RXK717543",
        "title": "Mr.",
        "fname": "Rachel",
        "lname": "Williams",
        "address": "663 Victoria Landing\nMaryview, MO 85659",
        "postcode": "26665",
        "phone_number": "4317696058",
        "home_number": "(813)397-0820x1772",
        "problem": "More inside hard compare truth per.",
        "assigned_to": null,
        "status": "Discharged"
    },
    {
        "rxkid": "RXK267705",
        "title": "Mrs.",
        "fname": "Joanna",
        "lname": "Smith",
        "address": "61734 Dixon Port Suite 775\nRothberg, OK 79730",
        "postcode": "83875",
        "phone_number": "001-376-958-9219x404",
        "home_number": "+1-525-521-7435x9373",
        "problem": "Carry woman how usually order claim husband address.",
        "assigned_to": null,
        "status": "Discharged"
    },
    {
        "rxkid": "RXK120349",
        "title": "Mr.",
        "fname": "Zachary",
        "lname": "Barber",
        "address": "717 Dean Alley\nNorth Christopherborough, GA 99317",
        "postcode": "96058",
        "phone_number": "751.202.4494",
        "home_number": "377.815.6327x413",
        "problem": "Five usually necessary third student know.",
        "assigned_to": "Mathew John",
        "status": "Procedure"
    },
    {
        "rxkid": "RXK498728",
        "title": "Mrs.",
        "fname": "Kaitlyn",
        "lname": "Jackson",
        "address": "334 Gilmore Roads Suite 837\nNormanburgh, MD 73436",
        "postcode": "17819",
        "phone_number": "(774)331-4460x03735",
        "home_number": "962-746-8300x4770",
        "problem": "System girl without former garden economic.",
        "assigned_to": null,
        "status": "Waiting"
    },
    {
        "rxkid": "RXK748214",
        "title": "Mr.",
        "fname": "Sherri",
        "lname": "Wright",
        "address": "PSC 5837, Box 0531\nAPO AP 51593",
        "postcode": "48525",
        "phone_number": "607.289.3126x056",
        "home_number": "+1-230-537-9126",
        "problem": "Rather affect new improve guess people prevent.",
        "assigned_to": null,
        "status": "Discharged"
    },
    {
        "rxkid": "RXK603551",
        "title": "Mr.",
        "fname": "Steve",
        "lname": "Taylor",
        "address": "09098 Berry Points Apt. 081\nLowerystad, MD 84119",
        "postcode": "72497",
        "phone_number": "375.873.9226",
        "home_number": "+1-382-441-0591x653",
        "problem": "Small million drive character someone mention.",
        "assigned_to": null,
        "status": "Waiting"
    },
    {
        "rxkid": "RXK809952",
        "title": "Mrs.",
        "fname": "Joe",
        "lname": "Andersen",
        "address": "226 Brittany Fields\nNew Tylertown, PA 95364",
        "postcode": "43462",
        "phone_number": "352-574-3463x08575",
        "home_number": "290.644.8054",
        "problem": "Six give chance.",
        "assigned_to": null,
        "status": "Discharged"
    },
    {
        "rxkid": "RXK911786",
        "title": "Mr.",
        "fname": "Carrie",
        "lname": "Martinez",
        "address": "22771 Jeremy Walk Suite 698\nWest Terrance, VA 50766",
        "postcode": "77531",
        "phone_number": "001-221-984-5027x3641",
        "home_number": "+1-635-995-7187x2286",
        "problem": "Attention its company recent investment.",
        "assigned_to": null,
        "status": "Discharged"
    },
    {
        "rxkid": "RXK194728",
        "title": "Mrs.",
        "fname": "Austin",
        "lname": "Taylor",
        "address": "243 Sean Drive Apt. 885\nRussellview, VT 28469",
        "postcode": "52194",
        "phone_number": "(289)553-4121x78961",
        "home_number": "236.474.3802x0511",
        "problem": "Very whose size.",
        "assigned_to": null,
        "status": "Discharged"
    },
    {
        "rxkid": "RXK957325",
        "title": "Mr.",
        "fname": "Jason",
        "lname": "Freeman",
        "address": "46103 Murray Prairie\nTristanview, IL 15209",
        "postcode": "99511",
        "phone_number": "813.514.0358x4563",
        "home_number": "001-213-632-5463x4487",
        "problem": "Reality over fear right morning.",
        "assigned_to": null,
        "status": "Discharged"
    },
    {
        "rxkid": "RXK556549",
        "title": "Mr.",
        "fname": "Paul",
        "lname": "Patterson",
        "address": "6683 Everett Fords Apt. 681\nSouth Kellyport, RI 96565",
        "postcode": "77283",
        "phone_number": "(283)898-5392x20082",
        "home_number": "(746)602-4807",
        "problem": "Challenge speech like could deal strong these.",
        "assigned_to": null,
        "status": "Discharged"
    },
    {
        "rxkid": "RXK870713",
        "title": "Mrs.",
        "fname": "Jared",
        "lname": "Hardin",
        "address": "006 Cody Vista Suite 134\nBanksborough, HI 83540",
        "postcode": "55450",
        "phone_number": "2429130781",
        "home_number": "646-907-0631",
        "problem": "Question young position tree involve.",
        "assigned_to": "Emma Wilson",
        "status": "Procedure"
    },
    {
        "rxkid": "RXK338474",
        "title": "Mr.",
        "fname": "Charlene",
        "lname": "Jackson",
        "address": "315 Kirsten Fords\nTerryfort, MN 14710",
        "postcode": "40587",
        "phone_number": "001-441-656-1666x09572",
        "home_number": "(511)812-0957x19434",
        "problem": "Artist some much listen set next.",
        "assigned_to": null,
        "status": "Discharged"
    },
    {
        "rxkid": "RXK290808",
        "title": "Mr.",
        "fname": "Terrence",
        "lname": "Dennis",
        "address": "6401 Meza Junctions\nCarlosland, WA 77178",
        "postcode": "26673",
        "phone_number": "677-315-4820",
        "home_number": "(399)320-5468",
        "problem": "Behind should we from take our job.",
        "assigned_to": null,
        "status": "Waiting"
    },
    {
        "rxkid": "RXK625592",
        "title": "Mr.",
        "fname": "Jason",
        "lname": "Ramirez",
        "address": "72632 Washington Stravenue Apt. 889\nPort Samantha, WA 48565",
        "postcode": "86386",
        "phone_number": "6016000792",
        "home_number": "001-690-217-2775x6228",
        "problem": "Beautiful detail rich unit born everybody identify.",
        "assigned_to": null,
        "status": "Discharged"
    },
    {
        "rxkid": "RXK262985",
        "title": "Mrs.",
        "fname": "Nicole",
        "lname": "Turner",
        "address": "291 Solis Passage\nAmandamouth, DC 11647",
        "postcode": "03985",
        "phone_number": "+1-643-762-4622x3295",
        "home_number": "2533748266",
        "problem": "Reveal money support get policy.",
        "assigned_to": null,
        "status": "Discharged"
    },
    {
        "rxkid": "RXK497288",
        "title": "Mr.",
        "fname": "Christopher",
        "lname": "Wallace",
        "address": "4732 Jackson Row\nNew Wendy, AR 41298",
        "postcode": "30052",
        "phone_number": "819.865.1185x668",
        "home_number": "901.641.2711x479",
        "problem": "Each traditional identify capital exactly.",
        "assigned_to": null,
        "status": "Discharged"
    },
    {
        "rxkid": "RXK496161",
        "title": "Mrs.",
        "fname": "Elizabeth",
        "lname": "Summers",
        "address": "903 Potter Fort\nWest Erik, NE 79488",
        "postcode": "28340",
        "phone_number": "001-683-895-9362",
        "home_number": "(584)830-2970x91342",
        "problem": "Serve grow chance always.",
        "assigned_to": null,
        "status": "Discharged"
    },
    {
        "rxkid": "RXK124963",
        "title": "Mr.",
        "fname": "Grant",
        "lname": "Cross",
        "address": "2044 Harris Station Apt. 515\nMooreville, LA 18482",
        "postcode": "47609",
        "phone_number": "001-739-594-1272",
        "home_number": "001-649-706-2860x632",
        "problem": "Weight if common live campaign.",
        "assigned_to": null,
        "status": "Waiting"
    },
    {
        "rxkid": "RXK303550",
        "title": "Mrs.",
        "fname": "Mary",
        "lname": "Wagner",
        "address": "31130 Crystal Crescent\nSouth Ashley, VA 35654",
        "postcode": "79021",
        "phone_number": "801-299-3375x25666",
        "home_number": "479.923.1958x825",
        "problem": "Life cell whom current loss step.",
        "assigned_to": null,
        "status": "Waiting"
    }
]