{
  "builds": [
    {
      "src": "app.py",
      "use": "@vercel/python"
    }
  ],
  "rewrites": [
    {
      "source": "/(.*)",
      "destination": "app.py"
    }
  ],
  "headers": [
        {
            "source": "/(.*)",
            "headers": [
                {
                    "key": "Access-Control-Allow-Origin",
                    "value": "*"
                },
                {
                    "key": "Access-Control-Allow-Methods",
                    "value": "GET,POST,OPTIONS"
                },
                {
                    "key": "Access-Control-Allow-Headers",
                    "value": "Content-Type,Authorization"
                },
                {
                    "key": "Access-Control-Max-Age",
                    "value": "3600"
                }
            ]
        }
    ]
}